{
  "model_version": "2.0",
  "created_at": "2026-01-18T20:15:15.211734",
  "hourly_analysis": {
    "overall": {
      "mae": 1.9555444669430786,
      "rmse": 2.593344702637411,
      "bias": 0.6387100247484975,
      "std_dev": 2.513461010436266,
      "count": 622260
    },
    "by_lead_time": {
      "0_day": {
        "mae": 1.9575110494041421,
        "rmse": 2.595752063416496,
        "bias": 0.6393965058428787,
        "std_dev": 2.515770435283576,
        "count": 216075
      },
      "1_day": {
        "mae": 1.9498704487885994,
        "rmse": 2.58687825591593,
        "bias": 0.6316298315834252,
        "std_dev": 2.5085818437484826,
        "count": 206868
      },
      "2_day": {
        "mae": 1.9444057162774486,
        "rmse": 2.5792017880730844,
        "bias": 0.6254327872661787,
        "std_dev": 2.5022221508514897,
        "count": 8607
      }
    },
    "by_hour_of_day": {
      "00:00": {
        "mae": 1.8618777275711584,
        "rmse": 2.518477807663584,
        "bias": 0.47914108060093447,
        "std_dev": 2.4724793816277906,
        "count": 25893
      },
      "03:00": {
        "mae": 1.7828816307621032,
        "rmse": 2.4211654865652776,
        "bias": 0.5909350629295038,
        "std_dev": 2.3479433691499842,
        "count": 25902
      },
      "06:00": {
        "mae": 1.7871598934815331,
        "rmse": 2.5077876466687172,
        "bias": 0.9658330438809771,
        "std_dev": 2.3143390875435323,
        "count": 25911
      },
      "09:00": {
        "mae": 1.8451890432098763,
        "rmse": 2.4541948058501237,
        "bias": 0.9031134259259258,
        "std_dev": 2.2819856013949926,
        "count": 25920
      },
      "12:00": {
        "mae": 2.2215742990473983,
        "rmse": 2.7184163582176666,
        "bias": 0.4314628408345864,
        "std_dev": 2.6839573978743307,
        "count": 25929
      },
      "15:00": {
        "mae": 2.2853381139640683,
        "rmse": 2.8452018365366465,
        "bias": 0.6237990592952427,
        "std_dev": 2.7759769855411043,
        "count": 25938
      },
      "18:00": {
        "mae": 2.1969900181138473,
        "rmse": 2.86967880802851,
        "bias": 0.7471268354723087,
        "std_dev": 2.7707143398345964,
        "count": 25947
      },
      "21:00": {
        "mae": 1.6335953151487128,
        "rmse": 2.1737860911559928,
        "bias": 0.26460163353367194,
        "std_dev": 2.1576218263714715,
        "count": 25956
      }
    },
    "training_period": {
      "start": "2025-01-21",
      "end": "2026-01-17"
    }
  },
  "daily_max_analysis": {
    "overall": {
      "mae": 3.6916088765603323,
      "rmse": 5.366385461974474,
      "bias": -1.5914701803051314,
      "std_dev": 5.124969813734569,
      "count": 1442
    },
    "by_lead_time": {
      "0_day": {
        "mae": 8.261049723756907,
        "rmse": 9.686826790010675,
        "bias": -8.108563535911603,
        "std_dev": 5.2996047629755605,
        "count": 362
      },
      "1_day": {
        "mae": 2.169252077562327,
        "rmse": 2.6556947643583673,
        "bias": 0.614127423822715,
        "std_dev": 2.5837109336667905,
        "count": 361
      },
      "2_day": {
        "mae": 2.1638888888888888,
        "rmse": 2.6505869370973496,
        "bias": 0.6044444444444448,
        "std_dev": 2.580747570897114,
        "count": 360
      },
      "3_day": {
        "mae": 2.1467966573816155,
        "rmse": 2.6301604005441432,
        "bias": 0.5601671309192203,
        "std_dev": 2.569816436640613,
        "count": 359
      }
    },
    "by_season": {
      "winter": {
        "mae": 3.073976608187135,
        "rmse": 4.303198185057602,
        "bias": 0.3932748538011695,
        "std_dev": 4.2851895534796025,
        "count": 342
      },
      "spring": {
        "mae": 4.191304347826088,
        "rmse": 5.777843738010708,
        "bias": -1.5760869565217388,
        "std_dev": 5.55872540843237,
        "count": 368
      },
      "summer": {
        "mae": 4.434239130434783,
        "rmse": 6.330048251756476,
        "bias": -3.526086956521739,
        "std_dev": 5.257016420424467,
        "count": 368
      },
      "fall": {
        "mae": 3.015934065934066,
        "rmse": 4.735637627211751,
        "bias": -1.5159340659340659,
        "std_dev": 4.4864471070106635,
        "count": 364
      }
    },
    "training_period": {
      "start": "2025-01-21",
      "end": "2026-01-17"
    }
  }
}