{
  "created_at": "2026-01-18T22:24:48.989123",
  "sample_size": 361,
  "basic_statistics": {
    "mean": 0.26897506925207776,
    "median": 0.3999999999999986,
    "std": 1.6092121580020333,
    "min": -4.700000000000003,
    "max": 18.0
  },
  "percentiles": {
    "p5": -2.200000000000003,
    "p10": -1.5,
    "p25": -0.5999999999999943,
    "p50": 0.3999999999999986,
    "p75": 1.1000000000000014,
    "p90": 1.7999999999999972,
    "p95": 2.200000000000003
  },
  "normality_tests": {
    "shapiro_wilk": {
      "statistic": 0.09748617162421491,
      "p_value": 0.0019422612790567684,
      "is_normal": false
    },
    "skewness": 3.399641707938712,
    "kurtosis": 39.39597349952481
  },
  "distribution_fit": {
    "within_1std": {
      "actual_pct": 79.22437673130193,
      "expected_pct": 68.3,
      "std_value": 1.6092121580020333,
      "matches": false
    },
    "within_2std": {
      "actual_pct": 98.89196675900277,
      "expected_pct": 95.4,
      "std_value": 3.2184243160040666,
      "matches": true
    },
    "within_3std": {
      "actual_pct": 99.44598337950139,
      "expected_pct": 99.7,
      "std_value": 4.8276364740061,
      "matches": true
    }
  },
  "confidence_intervals": {
    "50_pct": {
      "range": 0.8999999999999986,
      "description": "50% of forecasts within this range"
    },
    "68_pct": {
      "range": 1.2999999999999972,
      "description": "68% of forecasts within this range"
    },
    "90_pct": {
      "range": 2.200000000000003,
      "description": "90% of forecasts within this range"
    },
    "95_pct": {
      "range": 2.700000000000003,
      "description": "95% of forecasts within this range"
    }
  },
  "is_approximately_normal": false,
  "recommendation": "Use empirical percentiles"
}