{
  "created_at": "2026-01-18T20:36:24.159924",
  "metric_1_hourly_accuracy": {
    "overall": {
      "mae": 1.9555444669430786,
      "rmse": 2.593344702637411,
      "bias": 0.6387100247484975,
      "count": 622260
    },
    "by_lead_time": {
      "0h": {
        "mae": 1.963237469502238,
        "rmse": 2.6020623159639515,
        "count": 52053
      },
      "6h": {
        "mae": 1.960178403214334,
        "rmse": 2.59813499977495,
        "count": 52017
      },
      "12h": {
        "mae": 1.9574633038995017,
        "rmse": 2.5952738238448942,
        "count": 51981
      },
      "18h": {
        "mae": 1.9579420540956782,
        "rmse": 2.5965150978909977,
        "count": 51945
      },
      "24h": {
        "mae": 1.9594887206457456,
        "rmse": 2.5980373569731174,
        "count": 51909
      },
      "30h": {
        "mae": 1.9582962234688568,
        "rmse": 2.5963951006631696,
        "count": 51873
      },
      "36h": {
        "mae": 1.9568898663117076,
        "rmse": 2.595057077932189,
        "count": 51837
      },
      "42h": {
        "mae": 1.9551688191347656,
        "rmse": 2.5932091493745277,
        "count": 51801
      },
      "48h": {
        "mae": 1.9538143533275378,
        "rmse": 2.5915410472375404,
        "count": 51765
      },
      "54h": {
        "mae": 1.951939917647741,
        "rmse": 2.590001437174674,
        "count": 51729
      },
      "60h": {
        "mae": 1.947733735708897,
        "rmse": 2.5848140385778198,
        "count": 51693
      },
      "66h": {
        "mae": 1.9442437617360668,
        "rmse": 2.578852287724178,
        "count": 51657
      }
    }
  },
  "metric_2_next_day_max": {
    "mae": 2.169252077562327,
    "rmse": 2.6556947643583673,
    "bias": 0.614127423822715,
    "count": 361
  }
}