{
  "created_at": "2026-01-18T23:00:19.982935",
  "metric_1_hourly_accuracy": {
    "overall": {
      "mae": 3.4549905284473184,
      "rmse": 5.020303342715849,
      "bias": -1.2323241230648638,
      "count": 25515
    },
    "by_lead_time": {
      "0d": {
        "mae": 2.7443680188124637,
        "rmse": 4.388108232464306,
        "bias": -0.9036194395453654,
        "count": 8505
      },
      "1d": {
        "mae": 4.271951793062904,
        "rmse": 5.852522518106152,
        "bias": -2.4422908093278464,
        "count": 8505
      },
      "2d": {
        "mae": 3.3486517734665884,
        "rmse": 4.701363980154182,
        "bias": -0.35106212032137957,
        "count": 8505
      }
    }
  },
  "metric_2_daily_max_accuracy": {
    "overall": {
      "mae": 2.1115664845173043,
      "rmse": 2.9830959700426196,
      "bias": -0.14380692167577414,
      "count": 1098
    },
    "by_lead_time": {
      "0d": {
        "mae": 1.100546448087432,
        "rmse": 1.6222665113598882,
        "bias": 0.2595628415300548,
        "count": 366
      },
      "1d": {
        "mae": 2.399453551912568,
        "rmse": 3.1714229451884464,
        "bias": -0.4934426229508198,
        "count": 366
      },
      "2d": {
        "mae": 2.8346994535519126,
        "rmse": 3.7425810035730707,
        "bias": -0.19754098360655764,
        "count": 366
      }
    }
  }
}